Academic_Year,State_Code,State_Name,District_Code,District_Name,Block_Code,Udise_Block_Name,School_Category_Id,School_Category_Name,School_Management_Id,School_Management_Name,Location,School_Type_Id,School_Type,Total_Number_of_Schools,Building,Complete_Medical_Checkup,Computer_Available,Functional_Drinking_Water,Drinking_Water,Functional_Electricity,Functional_Boy_Toilet,Functional_Girl_Toilet,Functional_Toilet_Facility,Functional_Toilet_and_Urinal,Functional_Urinal,Functional_Urinal_Boy,Functional_Urinal_Girl,Handwash,Separate_Room_for_Headmaster,Incinerator,Internet,Kitchen_Garden,Land_Available,Librarian,Library_or_Reading_Corner_or_Book_Bank,Medical_Checkup,Newspaper,Playground,Rain_Water_Harvesting,Ramps,Solar_Panel,Furniture,Water_Purifier,Water_Tested
2016-17,9,Uttar Pradesh,933,KANPUR DEHAT,93301,AKBARPUR,3,HSS (I-XII),4,Government Aided,Rural,3,Co-Ed,1,1,0,1,1,1,1,1,1,1,0,0,0,0,0,1,0,0,1,1,0,1,0,1,1,0,0,0,1,0,0
2016-17,9,Uttar Pradesh,933,KANPUR DEHAT,93301,AKBARPUR,3,HSS (I-XII),5,Private Unaided (Recognized),Rural,3,Co-Ed,2,1,0,2,2,2,2,2,2,2,0,0,0,0,1,1,0,1,0,1,0,2,2,0,1,1,0,0,2,0,0
2016-17,9,Uttar Pradesh,933,KANPUR DEHAT,93301,AKBARPUR,3,HSS (I-XII),97,Madarsa recognized (by Wakf board/Madarsa Board) ,Rural,3,Co-Ed,1,1,0,0,1,1,0,1,1,1,0,0,0,0,1,1,0,0,0,1,0,0,0,0,1,0,0,0,1,0,0
2016-17,9,Uttar Pradesh,933,KANPUR DEHAT,93301,AKBARPUR,10,HSS (IX-XII),5,Private Unaided (Recognized),Rural,3,Co-Ed,6,6,0,2,6,6,5,6,6,6,0,0,0,0,5,6,0,1,0,6,1,6,3,6,6,1,1,0,6,0,0
2016-17,9,Uttar Pradesh,933,KANPUR DEHAT,93301,AKBARPUR,5,HSS (VI-XII),4,Government Aided,Rural,2,Girls,1,1,0,1,1,1,1,1,1,1,0,0,0,0,1,1,0,1,1,0,0,1,0,1,0,0,0,0,1,0,0
2016-17,9,Uttar Pradesh,933,KANPUR DEHAT,93301,AKBARPUR,5,HSS (VI-XII),4,Government Aided,Rural,3,Co-Ed,5,4,0,5,5,5,4,5,5,5,0,0,0,0,1,5,0,1,3,4,0,2,2,4,5,0,0,0,3,0,0
2016-17,9,Uttar Pradesh,933,KANPUR DEHAT,93301,AKBARPUR,5,HSS (VI-XII),5,Private Unaided (Recognized),Rural,3,Co-Ed,3,3,0,1,3,3,3,2,2,2,0,0,0,0,3,2,0,0,0,2,2,3,2,2,3,0,0,0,3,0,0
2016-17,9,Uttar Pradesh,933,KANPUR DEHAT,93301,AKBARPUR,1,PS (I-V),1,Department of Education,Rural,3,Co-Ed,160,156,0,10,143,143,43,134,147,151,0,0,0,0,17,130,0,0,119,93,0,62,74,3,129,0,84,0,99,0,0
2016-17,9,Uttar Pradesh,933,KANPUR DEHAT,93301,AKBARPUR,1,PS (I-V),2,Tribal Welfare Department,Rural,3,Co-Ed,1,1,0,0,1,1,1,1,1,1,0,0,0,0,0,0,0,0,1,1,0,0,0,0,0,0,0,0,0,0,0
2016-17,9,Uttar Pradesh,933,KANPUR DEHAT,93301,AKBARPUR,1,PS (I-V),5,Private Unaided (Recognized),Rural,3,Co-Ed,37,37,0,4,34,35,30,37,37,37,0,0,0,0,21,26,0,0,4,22,1,22,12,14,27,0,0,0,33,0,0
2016-17,9,Uttar Pradesh,933,KANPUR DEHAT,93301,AKBARPUR,1,PS (I-V),98,Madarsa unrecognized,Rural,3,Co-Ed,1,1,0,0,1,1,1,1,1,1,0,0,0,0,1,0,0,0,0,0,0,1,0,0,1,0,0,0,1,0,0
2016-17,9,Uttar Pradesh,933,KANPUR DEHAT,93301,AKBARPUR,1,PS (I-V),1,Department of Education,Urban,3,Co-Ed,3,3,0,0,3,3,2,3,2,3,0,0,0,0,0,3,0,0,2,2,0,2,1,0,1,0,2,0,3,0,0
2016-17,9,Uttar Pradesh,933,KANPUR DEHAT,93301,AKBARPUR,1,PS (I-V),5,Private Unaided (Recognized),Urban,3,Co-Ed,5,5,0,0,4,5,3,5,5,5,0,0,0,0,3,2,0,0,0,1,0,3,0,1,4,0,0,0,4,0,0
2016-17,9,Uttar Pradesh,933,KANPUR DEHAT,93301,AKBARPUR,6,SS (I-X),97,Madarsa recognized (by Wakf board/Madarsa Board) ,Rural,3,Co-Ed,1,1,0,0,1,1,1,1,1,1,0,0,0,0,1,1,0,0,0,1,0,0,0,0,1,0,0,0,1,0,0
2016-17,9,Uttar Pradesh,933,KANPUR DEHAT,93301,AKBARPUR,8,SS (IX-X),1,Department of Education,Rural,3,Co-Ed,1,0,0,0,1,1,0,1,1,1,0,0,0,0,1,0,0,0,0,0,0,0,0,0,0,0,0,0,1,0,0
2016-17,9,Uttar Pradesh,933,KANPUR DEHAT,93301,AKBARPUR,8,SS (IX-X),5,Private Unaided (Recognized),Rural,3,Co-Ed,7,7,0,1,7,7,3,7,7,7,0,0,0,0,6,6,0,0,0,6,3,4,2,6,7,0,1,0,7,0,0
2016-17,9,Uttar Pradesh,933,KANPUR DEHAT,93301,AKBARPUR,7,SS (VI-X),4,Government Aided,Rural,3,Co-Ed,1,0,0,0,1,1,0,1,1,1,0,0,0,0,1,1,0,0,0,1,0,1,0,1,1,0,0,0,1,0,0
2016-17,9,Uttar Pradesh,933,KANPUR DEHAT,93301,AKBARPUR,7,SS (VI-X),5,Private Unaided (Recognized),Rural,3,Co-Ed,7,6,0,1,7,7,6,7,7,7,0,0,0,0,6,7,0,1,0,6,3,7,1,5,6,3,2,0,7,0,0
2016-17,9,Uttar Pradesh,933,KANPUR DEHAT,93301,AKBARPUR,7,SS (VI-X),5,Private Unaided (Recognized),Urban,3,Co-Ed,1,1,0,0,1,1,0,1,1,1,0,0,0,0,1,1,0,0,0,1,1,1,1,1,1,0,1,0,1,0,0
2016-17,9,Uttar Pradesh,933,KANPUR DEHAT,93301,AKBARPUR,2,UPS (I-VIII),5,Private Unaided (Recognized),Rural,3,Co-Ed,10,10,0,1,8,8,8,10,10,10,0,0,0,0,3,6,0,0,2,7,0,7,3,1,9,0,2,0,10,0,0
2016-17,9,Uttar Pradesh,933,KANPUR DEHAT,93301,AKBARPUR,2,UPS (I-VIII),5,Private Unaided (Recognized),Urban,3,Co-Ed,1,1,0,0,1,1,1,1,1,1,0,0,0,0,1,1,0,0,0,1,0,1,0,1,0,0,0,0,1,0,0
2016-17,9,Uttar Pradesh,933,KANPUR DEHAT,93301,AKBARPUR,4,UPS (VI-VIII),1,Department of Education,Rural,1,Boys,1,1,0,0,1,1,0,1,1,1,0,0,0,0,0,1,0,0,0,1,0,0,0,0,1,0,0,0,1,0,0
2016-17,9,Uttar Pradesh,933,KANPUR DEHAT,93301,AKBARPUR,4,UPS (VI-VIII),1,Department of Education,Rural,2,Girls,1,1,0,0,1,1,0,1,1,1,0,0,0,0,0,1,0,0,1,1,0,0,0,0,1,0,0,0,1,0,0
2016-17,9,Uttar Pradesh,933,KANPUR DEHAT,93301,AKBARPUR,4,UPS (VI-VIII),1,Department of Education,Rural,3,Co-Ed,69,69,0,9,61,61,17,64,63,67,0,0,0,0,5,58,0,0,36,43,0,17,30,1,50,0,31,0,36,0,0
2016-17,9,Uttar Pradesh,933,KANPUR DEHAT,93301,AKBARPUR,4,UPS (VI-VIII),4,Government Aided,Rural,3,Co-Ed,3,2,0,0,3,3,0,3,3,3,0,0,0,0,0,3,0,0,3,3,0,0,0,0,3,0,1,0,2,0,0
2016-17,9,Uttar Pradesh,933,KANPUR DEHAT,93301,AKBARPUR,4,UPS (VI-VIII),5,Private Unaided (Recognized),Rural,3,Co-Ed,18,18,0,1,15,15,12,18,18,18,0,0,0,0,13,12,0,0,2,12,0,10,5,5,13,0,0,0,16,0,0
2016-17,9,Uttar Pradesh,933,KANPUR DEHAT,93301,AKBARPUR,4,UPS (VI-VIII),1,Department of Education,Urban,3,Co-Ed,1,1,0,1,1,1,1,1,1,1,0,0,0,0,0,1,0,0,1,1,0,1,1,0,1,0,0,0,1,0,0
2016-17,9,Uttar Pradesh,933,KANPUR DEHAT,93301,AKBARPUR,4,UPS (VI-VIII),5,Private Unaided (Recognized),Urban,3,Co-Ed,2,2,0,0,2,2,2,2,2,2,0,0,0,0,2,1,0,0,0,2,0,2,0,0,2,0,0,0,2,0,0
2016-17,9,Uttar Pradesh,933,KANPUR DEHAT,93302,AMARAUDHA,3,HSS (I-XII),5,Private Unaided (Recognized),Urban,3,Co-Ed,1,1,0,1,1,1,1,1,1,1,0,0,0,0,1,1,0,0,0,1,0,1,1,1,1,0,0,0,1,0,0
2016-17,9,Uttar Pradesh,933,KANPUR DEHAT,93302,AMARAUDHA,10,HSS (IX-XII),5,Private Unaided (Recognized),Rural,3,Co-Ed,3,3,0,0,3,3,2,3,3,3,0,0,0,0,2,2,0,0,0,2,0,3,1,1,2,0,0,0,3,0,0
2016-17,9,Uttar Pradesh,933,KANPUR DEHAT,93302,AMARAUDHA,10,HSS (IX-XII),4,Government Aided,Urban,3,Co-Ed,1,1,0,1,1,1,1,1,1,1,0,0,0,0,1,1,0,1,0,0,1,1,1,1,1,0,1,0,1,0,0
2016-17,9,Uttar Pradesh,933,KANPUR DEHAT,93302,AMARAUDHA,10,HSS (IX-XII),5,Private Unaided (Recognized),Urban,3,Co-Ed,1,1,0,0,1,1,1,1,1,1,0,0,0,0,1,1,0,1,0,1,1,1,1,1,1,0,0,0,1,0,0
2016-17,9,Uttar Pradesh,933,KANPUR DEHAT,93302,AMARAUDHA,5,HSS (VI-XII),5,Private Unaided (Recognized),Rural,2,Girls,1,1,0,1,1,1,1,1,1,1,0,0,0,0,1,1,0,0,0,0,1,1,0,1,1,0,0,0,1,0,0
2016-17,9,Uttar Pradesh,933,KANPUR DEHAT,93302,AMARAUDHA,5,HSS (VI-XII),1,Department of Education,Urban,2,Girls,1,0,0,1,1,1,1,0,1,1,0,0,0,0,0,1,0,0,0,1,0,0,1,1,1,1,1,0,0,0,0
2016-17,9,Uttar Pradesh,933,KANPUR DEHAT,93302,AMARAUDHA,5,HSS (VI-XII),4,Government Aided,Rural,3,Co-Ed,7,6,0,7,7,7,5,6,6,6,0,0,0,0,2,5,0,2,3,5,1,5,2,4,7,1,1,0,6,0,0
2016-17,9,Uttar Pradesh,933,KANPUR DEHAT,93302,AMARAUDHA,5,HSS (VI-XII),5,Private Unaided (Recognized),Rural,3,Co-Ed,2,2,0,1,2,2,2,2,2,2,0,0,0,0,2,2,0,2,0,2,1,2,1,2,2,0,0,0,2,0,0
2016-17,9,Uttar Pradesh,933,KANPUR DEHAT,93302,AMARAUDHA,1,PS (I-V),1,Department of Education,Rural,1,Boys,1,1,0,0,1,1,1,1,1,1,0,0,0,0,1,1,0,0,1,0,0,1,0,0,1,0,1,0,1,0,0
2016-17,9,Uttar Pradesh,933,KANPUR DEHAT,93302,AMARAUDHA,1,PS (I-V),1,Department of Education,Urban,2,Girls,1,1,0,0,0,0,1,0,1,1,0,0,0,0,1,1,0,0,1,0,0,0,1,0,1,0,1,0,1,0,0
2016-17,9,Uttar Pradesh,933,KANPUR DEHAT,93302,AMARAUDHA,1,PS (I-V),1,Department of Education,Rural,3,Co-Ed,173,170,0,4,130,131,50,148,153,156,0,0,0,0,33,150,0,0,160,111,0,103,77,6,107,0,111,0,99,0,0
2016-17,9,Uttar Pradesh,933,KANPUR DEHAT,93302,AMARAUDHA,1,PS (I-V),5,Private Unaided (Recognized),Rural,3,Co-Ed,31,29,0,0,25,25,16,31,31,31,0,0,0,0,3,13,0,0,0,6,0,8,10,4,22,0,3,0,22,0,0
2016-17,9,Uttar Pradesh,933,KANPUR DEHAT,93302,AMARAUDHA,1,PS (I-V),97,Madarsa recognized (by Wakf board/Madarsa Board) ,Rural,3,Co-Ed,1,1,0,0,1,1,1,1,1,1,0,0,0,0,0,1,0,0,0,0,0,0,0,0,0,0,0,0,1,0,0
2016-17,9,Uttar Pradesh,933,KANPUR DEHAT,93302,AMARAUDHA,1,PS (I-V),98,Madarsa unrecognized,Rural,3,Co-Ed,2,2,0,0,2,2,2,2,2,2,0,0,0,0,1,1,0,0,0,1,0,1,0,0,1,0,0,0,2,0,0
2016-17,9,Uttar Pradesh,933,KANPUR DEHAT,93302,AMARAUDHA,1,PS (I-V),1,Department of Education,Urban,3,Co-Ed,2,2,0,0,2,2,0,2,2,2,0,0,0,0,0,2,0,0,2,1,0,0,2,1,1,0,2,0,2,0,0
2016-17,9,Uttar Pradesh,933,KANPUR DEHAT,93302,AMARAUDHA,1,PS (I-V),5,Private Unaided (Recognized),Urban,3,Co-Ed,5,5,0,0,5,5,4,5,5,5,0,0,0,0,0,2,0,0,0,0,0,2,0,1,4,0,1,0,3,0,0
2016-17,9,Uttar Pradesh,933,KANPUR DEHAT,93302,AMARAUDHA,6,SS (I-X),98,Madarsa unrecognized,Rural,3,Co-Ed,1,1,0,0,1,1,1,1,1,1,0,0,0,0,1,1,0,0,0,1,0,1,0,0,1,0,0,0,1,0,0
2016-17,9,Uttar Pradesh,933,KANPUR DEHAT,93302,AMARAUDHA,8,SS (IX-X),1,Department of Education,Rural,3,Co-Ed,3,2,0,0,1,1,0,2,1,2,0,0,0,0,1,1,0,0,0,1,0,0,1,0,1,0,1,0,2,0,0
2016-17,9,Uttar Pradesh,933,KANPUR DEHAT,93302,AMARAUDHA,8,SS (IX-X),4,Government Aided,Rural,3,Co-Ed,1,1,0,1,1,1,1,1,1,1,0,0,0,0,1,1,0,1,1,0,0,1,0,0,1,0,0,0,1,0,0
2016-17,9,Uttar Pradesh,933,KANPUR DEHAT,93302,AMARAUDHA,8,SS (IX-X),5,Private Unaided (Recognized),Rural,3,Co-Ed,3,3,0,0,2,2,0,3,3,3,0,0,0,0,3,3,0,0,1,3,0,1,2,2,2,0,3,0,3,0,0
2016-17,9,Uttar Pradesh,933,KANPUR DEHAT,93302,AMARAUDHA,7,SS (VI-X),5,Private Unaided (Recognized),Rural,3,Co-Ed,3,3,0,1,3,3,2,3,3,3,0,0,0,0,3,3,0,1,0,3,2,2,0,2,2,2,0,0,3,0,0
2016-17,9,Uttar Pradesh,933,KANPUR DEHAT,93302,AMARAUDHA,2,UPS (I-VIII),5,Private Unaided (Recognized),Rural,3,Co-Ed,3,3,0,2,2,2,3,3,3,3,0,0,0,0,0,1,0,0,0,1,0,0,1,0,3,0,0,0,3,0,0
2016-17,9,Uttar Pradesh,933,KANPUR DEHAT,93302,AMARAUDHA,2,UPS (I-VIII),5,Private Unaided (Recognized),Urban,3,Co-Ed,2,2,0,1,2,2,1,2,2,2,0,0,0,0,0,1,0,0,0,0,0,2,2,0,2,0,1,0,2,0,0
2016-17,9,Uttar Pradesh,933,KANPUR DEHAT,93302,AMARAUDHA,2,UPS (I-VIII),97,Madarsa recognized (by Wakf board/Madarsa Board) ,Urban,3,Co-Ed,1,1,0,0,1,1,0,1,1,1,0,0,0,0,0,0,0,0,1,1,0,0,1,0,1,0,0,0,1,0,0
2016-17,9,Uttar Pradesh,933,KANPUR DEHAT,93302,AMARAUDHA,4,UPS (VI-VIII),1,Department of Education,Urban,2,Girls,2,1,0,1,2,2,1,2,2,2,0,0,0,0,1,1,0,0,2,0,0,0,1,1,2,0,1,0,2,0,0
2016-17,9,Uttar Pradesh,933,KANPUR DEHAT,93302,AMARAUDHA,4,UPS (VI-VIII),1,Department of Education,Rural,3,Co-Ed,84,83,0,7,57,57,26,74,75,77,0,0,0,0,11,76,0,0,70,58,0,19,31,3,45,0,33,0,56,0,0
2016-17,9,Uttar Pradesh,933,KANPUR DEHAT,93302,AMARAUDHA,4,UPS (VI-VIII),4,Government Aided,Rural,3,Co-Ed,5,5,0,0,4,4,1,5,5,5,0,0,0,0,1,2,0,0,4,3,0,2,1,2,5,0,0,0,5,0,0
2016-17,9,Uttar Pradesh,933,KANPUR DEHAT,93302,AMARAUDHA,4,UPS (VI-VIII),5,Private Unaided (Recognized),Rural,3,Co-Ed,17,17,0,3,16,16,4,17,17,17,0,0,0,0,2,8,0,1,0,8,1,10,6,6,13,1,0,0,12,0,0
2016-17,9,Uttar Pradesh,933,KANPUR DEHAT,93302,AMARAUDHA,4,UPS (VI-VIII),1,Department of Education,Urban,3,Co-Ed,1,1,0,0,0,0,0,1,1,1,0,0,0,0,0,1,0,0,0,1,0,1,0,0,1,0,0,0,0,0,0
2016-17,9,Uttar Pradesh,933,KANPUR DEHAT,93303,DERAPUR,3,HSS (I-XII),4,Government Aided,Rural,3,Co-Ed,1,0,0,1,1,1,1,1,1,1,0,0,0,0,0,0,0,0,1,0,0,0,1,1,1,0,0,0,0,0,0
2016-17,9,Uttar Pradesh,933,KANPUR DEHAT,93303,DERAPUR,10,HSS (IX-XII),4,Government Aided,Rural,3,Co-Ed,1,1,0,1,1,1,1,1,1,1,0,0,0,0,1,1,0,0,1,1,0,0,0,1,1,0,0,0,1,0,0
2016-17,9,Uttar Pradesh,933,KANPUR DEHAT,93303,DERAPUR,10,HSS (IX-XII),5,Private Unaided (Recognized),Rural,3,Co-Ed,4,4,0,1,3,3,1,3,3,3,0,0,0,0,3,3,0,1,0,3,0,3,1,1,4,1,0,0,4,0,0
2016-17,9,Uttar Pradesh,933,KANPUR DEHAT,93303,DERAPUR,5,HSS (VI-XII),4,Government Aided,Rural,3,Co-Ed,2,2,0,2,2,2,2,2,2,2,0,0,0,0,0,2,0,0,2,1,0,1,1,2,2,1,0,0,2,0,0
2016-17,9,Uttar Pradesh,933,KANPUR DEHAT,93303,DERAPUR,5,HSS (VI-XII),5,Private Unaided (Recognized),Rural,3,Co-Ed,1,1,0,1,1,1,0,1,1,1,0,0,0,0,1,1,0,1,0,1,0,1,1,0,1,0,0,0,1,0,0
2016-17,9,Uttar Pradesh,933,KANPUR DEHAT,93303,DERAPUR,1,PS (I-V),1,Department of Education,Rural,3,Co-Ed,110,109,0,0,93,93,33,98,97,103,0,0,0,0,6,92,0,0,108,73,0,74,85,4,90,0,104,0,91,0,0
2016-17,9,Uttar Pradesh,933,KANPUR DEHAT,93303,DERAPUR,1,PS (I-V),5,Private Unaided (Recognized),Rural,3,Co-Ed,16,16,0,0,16,16,8,16,16,16,0,0,0,0,7,12,0,0,0,6,1,8,5,7,10,0,0,0,11,0,0
2016-17,9,Uttar Pradesh,933,KANPUR DEHAT,93303,DERAPUR,1,PS (I-V),97,Madarsa recognized (by Wakf board/Madarsa Board) ,Rural,3,Co-Ed,2,2,0,0,2,2,1,2,2,2,0,0,0,0,1,1,0,0,0,0,0,0,0,0,1,0,0,0,0,0,0
2016-17,9,Uttar Pradesh,933,KANPUR DEHAT,93303,DERAPUR,6,SS (I-X),5,Private Unaided (Recognized),Rural,3,Co-Ed,1,1,0,1,1,1,1,1,1,1,0,0,0,0,0,1,0,1,0,1,0,1,0,1,1,0,0,0,1,0,0
2016-17,9,Uttar Pradesh,933,KANPUR DEHAT,93303,DERAPUR,8,SS (IX-X),5,Private Unaided (Recognized),Rural,3,Co-Ed,1,0,0,0,1,1,0,1,1,1,0,0,0,0,0,1,0,0,0,1,0,0,0,1,1,0,1,0,1,0,0
2016-17,9,Uttar Pradesh,933,KANPUR DEHAT,93303,DERAPUR,7,SS (VI-X),4,Government Aided,Rural,3,Co-Ed,1,1,0,0,1,1,0,1,1,1,0,0,0,0,0,0,0,0,0,1,0,0,0,1,1,0,0,0,1,0,0
2016-17,9,Uttar Pradesh,933,KANPUR DEHAT,93303,DERAPUR,7,SS (VI-X),5,Private Unaided (Recognized),Rural,3,Co-Ed,2,2,0,1,2,2,0,2,2,2,0,0,0,0,1,2,0,0,0,1,0,1,2,0,2,0,0,0,2,0,0
2016-17,9,Uttar Pradesh,933,KANPUR DEHAT,93303,DERAPUR,2,UPS (I-VIII),5,Private Unaided (Recognized),Rural,3,Co-Ed,3,3,0,1,3,3,1,3,3,3,0,0,0,0,1,1,0,0,0,1,0,1,0,1,2,0,0,0,1,0,0
2016-17,9,Uttar Pradesh,933,KANPUR DEHAT,93303,DERAPUR,4,UPS (VI-VIII),1,Department of Education,Urban,1,Boys,1,1,0,1,1,1,1,0,1,1,0,0,0,0,0,1,0,0,1,1,0,1,1,0,1,0,1,0,1,0,0
2016-17,9,Uttar Pradesh,933,KANPUR DEHAT,93303,DERAPUR,4,UPS (VI-VIII),1,Department of Education,Urban,2,Girls,1,1,0,1,1,1,1,1,1,1,0,0,0,0,0,1,0,0,1,0,0,1,1,1,1,0,1,0,1,0,0
2016-17,9,Uttar Pradesh,933,KANPUR DEHAT,93303,DERAPUR,4,UPS (VI-VIII),1,Department of Education,Rural,3,Co-Ed,42,42,0,8,34,34,11,36,35,39,0,0,0,0,5,38,0,0,39,30,0,22,29,5,30,0,24,0,20,0,0
2016-17,9,Uttar Pradesh,933,KANPUR DEHAT,93303,DERAPUR,4,UPS (VI-VIII),5,Private Unaided (Recognized),Rural,3,Co-Ed,9,9,0,1,9,9,4,9,9,9,0,0,0,0,4,7,0,1,0,7,0,5,3,3,7,0,1,0,7,0,0
2016-17,9,Uttar Pradesh,933,KANPUR DEHAT,93304,JHINJHAK,3,HSS (I-XII),4,Government Aided,Rural,3,Co-Ed,1,1,0,1,1,1,0,1,1,1,0,0,0,0,1,1,0,0,1,0,0,1,0,1,0,0,1,0,1,0,0
2016-17,9,Uttar Pradesh,933,KANPUR DEHAT,93304,JHINJHAK,3,HSS (I-XII),5,Private Unaided (Recognized),Rural,3,Co-Ed,1,1,0,0,1,1,1,1,1,1,0,0,0,0,0,1,0,0,0,0,0,1,0,1,1,0,0,0,1,0,0
2016-17,9,Uttar Pradesh,933,KANPUR DEHAT,93304,JHINJHAK,3,HSS (I-XII),5,Private Unaided (Recognized),Urban,3,Co-Ed,2,2,0,1,2,2,2,2,2,2,0,0,0,0,2,1,0,1,1,1,1,2,2,2,1,1,1,0,2,0,0
2016-17,9,Uttar Pradesh,933,KANPUR DEHAT,93304,JHINJHAK,10,HSS (IX-XII),4,Government Aided,Rural,2,Girls,1,1,0,0,1,1,1,1,1,1,0,0,0,0,1,0,0,0,0,0,0,1,1,0,1,0,1,0,1,0,0
2016-17,9,Uttar Pradesh,933,KANPUR DEHAT,93304,JHINJHAK,10,HSS (IX-XII),4,Government Aided,Rural,3,Co-Ed,1,1,0,1,1,1,1,1,1,1,0,0,0,0,0,1,0,1,1,0,0,1,0,1,1,0,0,0,1,0,0
2016-17,9,Uttar Pradesh,933,KANPUR DEHAT,93304,JHINJHAK,10,HSS (IX-XII),5,Private Unaided (Recognized),Rural,3,Co-Ed,3,3,0,0,3,3,2,3,3,3,0,0,0,0,3,3,0,1,0,2,1,3,0,3,2,1,0,0,3,0,0
2016-17,9,Uttar Pradesh,933,KANPUR DEHAT,93304,JHINJHAK,5,HSS (VI-XII),4,Government Aided,Rural,3,Co-Ed,3,3,0,3,3,3,1,3,3,3,0,0,0,0,1,2,0,0,2,1,0,2,1,2,1,0,0,0,2,0,0
2016-17,9,Uttar Pradesh,933,KANPUR DEHAT,93304,JHINJHAK,5,HSS (VI-XII),5,Private Unaided (Recognized),Rural,3,Co-Ed,5,5,0,2,5,5,4,5,5,5,0,0,0,0,4,4,0,2,0,4,1,4,2,3,4,0,2,0,5,0,0
2016-17,9,Uttar Pradesh,933,KANPUR DEHAT,93304,JHINJHAK,1,PS (I-V),1,Department of Education,Rural,3,Co-Ed,155,152,0,10,139,139,45,135,137,141,0,0,0,0,22,132,0,0,144,124,0,98,67,8,89,0,100,0,91,0,0
2016-17,9,Uttar Pradesh,933,KANPUR DEHAT,93304,JHINJHAK,1,PS (I-V),2,Tribal Welfare Department,Rural,3,Co-Ed,1,0,0,0,1,1,1,1,1,1,0,0,0,0,0,0,0,0,0,0,0,0,0,0,0,0,0,0,0,0,0
2016-17,9,Uttar Pradesh,933,KANPUR DEHAT,93304,JHINJHAK,1,PS (I-V),5,Private Unaided (Recognized),Rural,3,Co-Ed,22,22,0,0,22,22,7,22,22,22,0,0,0,0,7,11,0,0,0,12,0,6,3,2,19,0,1,0,16,0,0
2016-17,9,Uttar Pradesh,933,KANPUR DEHAT,93304,JHINJHAK,1,PS (I-V),98,Madarsa unrecognized,Rural,3,Co-Ed,2,2,0,0,2,2,2,2,2,2,0,0,0,0,1,2,0,0,0,2,0,2,0,1,1,0,0,0,2,0,0
2016-17,9,Uttar Pradesh,933,KANPUR DEHAT,93304,JHINJHAK,1,PS (I-V),1,Department of Education,Urban,3,Co-Ed,3,3,0,0,3,3,0,2,2,2,0,0,0,0,2,3,0,0,3,1,0,2,2,0,1,0,2,0,3,0,0
2016-17,9,Uttar Pradesh,933,KANPUR DEHAT,93304,JHINJHAK,1,PS (I-V),5,Private Unaided (Recognized),Urban,3,Co-Ed,18,17,0,1,17,17,15,18,18,18,0,0,0,0,3,8,0,0,0,4,0,11,6,5,12,0,0,0,14,0,0
2016-17,9,Uttar Pradesh,933,KANPUR DEHAT,93304,JHINJHAK,1,PS (I-V),97,Madarsa recognized (by Wakf board/Madarsa Board) ,Urban,3,Co-Ed,1,1,0,0,1,1,1,1,1,1,0,0,0,0,1,1,0,0,0,1,0,1,0,1,1,0,0,0,1,0,0
2016-17,9,Uttar Pradesh,933,KANPUR DEHAT,93304,JHINJHAK,8,SS (IX-X),4,Government Aided,Rural,2,Girls,1,1,0,0,1,1,0,1,1,1,0,0,0,0,0,0,0,0,0,1,0,1,0,1,1,0,0,0,1,0,0
2016-17,9,Uttar Pradesh,933,KANPUR DEHAT,93304,JHINJHAK,8,SS (IX-X),1,Department of Education,Rural,3,Co-Ed,2,1,0,0,0,2,0,1,1,1,0,0,0,0,0,1,0,0,0,0,0,0,0,0,0,0,1,0,2,0,0
2016-17,9,Uttar Pradesh,933,KANPUR DEHAT,93304,JHINJHAK,8,SS (IX-X),5,Private Unaided (Recognized),Rural,3,Co-Ed,10,10,0,1,8,9,4,10,10,10,0,0,0,0,8,6,0,3,0,6,4,7,1,6,8,2,1,0,10,0,0
2016-17,9,Uttar Pradesh,933,KANPUR DEHAT,93304,JHINJHAK,7,SS (VI-X),5,Private Unaided (Recognized),Rural,3,Co-Ed,6,5,0,1,5,5,1,5,5,5,0,0,0,0,4,4,0,3,0,4,2,4,1,4,4,1,0,0,5,0,0
2016-17,9,Uttar Pradesh,933,KANPUR DEHAT,93304,JHINJHAK,2,UPS (I-VIII),5,Private Unaided (Recognized),Rural,3,Co-Ed,2,2,0,1,1,1,0,2,2,2,0,0,0,0,1,1,0,0,0,1,0,0,0,1,2,0,0,0,2,0,0
2016-17,9,Uttar Pradesh,933,KANPUR DEHAT,93304,JHINJHAK,2,UPS (I-VIII),97,Madarsa recognized (by Wakf board/Madarsa Board) ,Rural,3,Co-Ed,1,1,0,0,1,1,0,1,1,1,0,0,0,0,0,0,0,0,0,0,0,1,0,0,1,0,0,0,1,0,0
2016-17,9,Uttar Pradesh,933,KANPUR DEHAT,93304,JHINJHAK,4,UPS (VI-VIII),1,Department of Education,Rural,3,Co-Ed,51,51,0,5,47,47,16,44,45,45,0,0,0,0,1,47,0,0,39,38,0,35,17,3,28,0,33,0,33,0,0
2016-17,9,Uttar Pradesh,933,KANPUR DEHAT,93304,JHINJHAK,4,UPS (VI-VIII),4,Government Aided,Rural,3,Co-Ed,3,3,0,0,3,3,0,3,3,3,0,0,0,0,0,3,0,0,1,3,0,0,1,0,3,0,1,0,1,0,0
2016-17,9,Uttar Pradesh,933,KANPUR DEHAT,93304,JHINJHAK,4,UPS (VI-VIII),5,Private Unaided (Recognized),Rural,3,Co-Ed,9,7,0,1,9,9,3,9,9,9,0,0,0,0,2,6,0,0,0,6,0,5,0,3,8,0,0,0,7,0,0
2016-17,9,Uttar Pradesh,933,KANPUR DEHAT,93304,JHINJHAK,4,UPS (VI-VIII),1,Department of Education,Urban,3,Co-Ed,3,3,0,1,2,2,2,3,2,3,0,0,0,0,0,3,0,0,3,3,0,3,2,0,3,0,3,0,3,0,0
2016-17,9,Uttar Pradesh,933,KANPUR DEHAT,93304,JHINJHAK,4,UPS (VI-VIII),5,Private Unaided (Recognized),Urban,3,Co-Ed,7,7,0,2,7,7,7,7,7,7,0,0,0,0,3,0,0,0,0,0,0,3,0,1,5,0,0,0,5,0,0
2016-17,9,Uttar Pradesh,933,KANPUR DEHAT,93306,MALASA,10,HSS (IX-XII),4,Government Aided,Rural,3,Co-Ed,1,1,0,1,1,1,1,1,1,1,0,0,0,0,0,1,0,0,0,1,0,0,1,0,1,0,1,0,1,0,0
2016-17,9,Uttar Pradesh,933,KANPUR DEHAT,93306,MALASA,10,HSS (IX-XII),5,Private Unaided (Recognized),Rural,3,Co-Ed,1,1,0,0,1,1,0,1,1,1,0,0,0,0,0,1,0,1,0,1,1,1,0,1,1,0,0,0,1,0,0
2016-17,9,Uttar Pradesh,933,KANPUR DEHAT,93306,MALASA,5,HSS (VI-XII),4,Government Aided,Rural,3,Co-Ed,7,7,0,6,6,6,4,7,7,7,0,0,0,0,3,6,0,1,2,5,1,6,4,5,7,0,2,0,6,0,0
2016-17,9,Uttar Pradesh,933,KANPUR DEHAT,93306,MALASA,5,HSS (VI-XII),5,Private Unaided (Recognized),Rural,3,Co-Ed,2,2,0,0,2,2,1,2,2,2,0,0,0,0,0,1,0,1,0,1,1,1,0,1,0,0,0,0,2,0,0
2016-17,9,Uttar Pradesh,933,KANPUR DEHAT,93306,MALASA,1,PS (I-V),1,Department of Education,Rural,1,Boys,1,1,0,0,0,0,0,0,1,1,0,0,0,0,0,1,0,0,1,0,0,1,0,0,1,0,1,0,0,0,0
2016-17,9,Uttar Pradesh,933,KANPUR DEHAT,93306,MALASA,1,PS (I-V),1,Department of Education,Rural,2,Girls,1,1,0,0,1,1,0,1,1,1,0,0,0,0,0,0,0,0,1,0,0,1,0,0,1,0,0,0,0,0,0
2016-17,9,Uttar Pradesh,933,KANPUR DEHAT,93306,MALASA,1,PS (I-V),1,Department of Education,Rural,3,Co-Ed,139,138,0,2,96,96,33,129,134,137,0,0,0,0,8,121,0,0,139,90,0,98,71,1,95,0,112,0,67,0,0
2016-17,9,Uttar Pradesh,933,KANPUR DEHAT,93306,MALASA,1,PS (I-V),5,Private Unaided (Recognized),Rural,3,Co-Ed,14,14,0,1,13,13,5,14,14,14,0,0,0,0,6,6,0,0,0,4,0,3,2,3,11,0,1,0,10,0,0
2016-17,9,Uttar Pradesh,933,KANPUR DEHAT,93306,MALASA,1,PS (I-V),1,Department of Education,Urban,3,Co-Ed,1,1,0,0,1,1,0,1,1,1,0,0,0,0,0,1,0,0,1,1,0,1,0,0,1,0,1,0,0,0,0
2016-17,9,Uttar Pradesh,933,KANPUR DEHAT,93306,MALASA,6,SS (I-X),5,Private Unaided (Recognized),Rural,3,Co-Ed,1,1,0,0,1,1,1,1,1,1,0,0,0,0,1,0,0,0,0,0,0,1,0,0,1,0,0,0,1,0,0
2016-17,9,Uttar Pradesh,933,KANPUR DEHAT,93306,MALASA,8,SS (IX-X),1,Department of Education,Rural,3,Co-Ed,2,1,0,0,0,0,1,2,2,2,0,0,0,0,0,0,0,0,0,2,0,1,0,0,0,0,1,0,2,0,0
2016-17,9,Uttar Pradesh,933,KANPUR DEHAT,93306,MALASA,8,SS (IX-X),5,Private Unaided (Recognized),Rural,3,Co-Ed,7,7,0,0,6,6,1,7,7,7,0,0,0,0,6,6,0,2,0,5,3,6,0,3,7,1,0,0,7,0,0
2016-17,9,Uttar Pradesh,933,KANPUR DEHAT,93306,MALASA,2,UPS (I-VIII),5,Private Unaided (Recognized),Rural,3,Co-Ed,1,1,0,0,1,1,0,1,1,1,0,0,0,0,0,0,0,0,0,0,0,0,1,0,1,0,0,0,1,0,0
2016-17,9,Uttar Pradesh,933,KANPUR DEHAT,93306,MALASA,4,UPS (VI-VIII),1,Department of Education,Rural,3,Co-Ed,67,64,0,7,46,47,14,60,65,66,0,0,0,0,3,56,0,0,59,44,0,36,25,6,49,0,33,0,44,0,0
2016-17,9,Uttar Pradesh,933,KANPUR DEHAT,93306,MALASA,4,UPS (VI-VIII),4,Government Aided,Rural,3,Co-Ed,1,1,0,0,1,1,0,1,1,1,0,0,0,0,0,1,0,0,1,1,0,1,0,0,0,0,0,0,1,0,0
2016-17,9,Uttar Pradesh,933,KANPUR DEHAT,93306,MALASA,4,UPS (VI-VIII),5,Private Unaided (Recognized),Rural,3,Co-Ed,9,9,0,0,8,9,0,9,9,9,0,0,0,0,4,5,0,0,0,4,0,0,1,3,7,0,0,0,5,0,0
2016-17,9,Uttar Pradesh,933,KANPUR DEHAT,93307,MAITHA,10,HSS (IX-XII),5,Private Unaided (Recognized),Rural,2,Girls,1,1,0,0,1,1,0,0,1,1,0,0,0,0,0,0,0,0,0,1,0,1,0,1,1,0,0,0,1,0,0
2016-17,9,Uttar Pradesh,933,KANPUR DEHAT,93307,MAITHA,10,HSS (IX-XII),4,Government Aided,Rural,3,Co-Ed,2,1,0,2,2,2,1,2,2,2,0,0,0,0,2,1,0,0,0,1,0,2,1,0,2,0,0,0,2,0,0
2016-17,9,Uttar Pradesh,933,KANPUR DEHAT,93307,MAITHA,10,HSS (IX-XII),5,Private Unaided (Recognized),Rural,3,Co-Ed,9,9,0,3,9,9,4,8,8,8,0,0,0,0,7,9,0,5,1,9,9,9,5,8,9,3,1,0,9,0,0
2016-17,9,Uttar Pradesh,933,KANPUR DEHAT,93307,MAITHA,10,HSS (IX-XII),5,Private Unaided (Recognized),Urban,3,Co-Ed,1,1,0,1,1,1,0,1,1,1,0,0,0,0,1,1,0,0,0,1,0,0,0,1,1,0,0,0,1,0,0
2016-17,9,Uttar Pradesh,933,KANPUR DEHAT,93307,MAITHA,5,HSS (VI-XII),4,Government Aided,Rural,3,Co-Ed,4,4,0,3,2,2,2,4,4,4,0,0,0,0,3,4,0,1,3,4,1,3,0,3,4,0,1,0,4,0,0
2016-17,9,Uttar Pradesh,933,KANPUR DEHAT,93307,MAITHA,5,HSS (VI-XII),5,Private Unaided (Recognized),Rural,3,Co-Ed,5,5,0,3,5,5,3,5,5,5,0,0,0,0,5,4,0,2,0,4,3,5,2,4,5,2,3,0,5,0,0
2016-17,9,Uttar Pradesh,933,KANPUR DEHAT,93307,MAITHA,1,PS (I-V),98,Madarsa unrecognized,Rural,2,Girls,1,1,0,0,1,1,1,1,1,1,0,0,0,0,0,1,0,0,0,1,0,1,0,0,0,0,0,0,1,0,0
2016-17,9,Uttar Pradesh,933,KANPUR DEHAT,93307,MAITHA,1,PS (I-V),1,Department of Education,Rural,3,Co-Ed,183,180,0,10,170,172,49,176,177,178,0,0,0,0,65,169,0,0,177,119,0,134,104,6,133,0,140,0,64,0,0
2016-17,9,Uttar Pradesh,933,KANPUR DEHAT,93307,MAITHA,1,PS (I-V),5,Private Unaided (Recognized),Rural,3,Co-Ed,9,9,0,1,9,9,6,9,9,9,0,0,0,0,3,5,0,0,0,5,0,2,4,1,9,0,2,0,8,0,0
2016-17,9,Uttar Pradesh,933,KANPUR DEHAT,93307,MAITHA,1,PS (I-V),1,Department of Education,Urban,3,Co-Ed,2,2,0,0,2,2,1,2,2,2,0,0,0,0,0,2,0,0,2,1,0,2,0,0,0,0,2,0,0,0,0
2016-17,9,Uttar Pradesh,933,KANPUR DEHAT,93307,MAITHA,1,PS (I-V),5,Private Unaided (Recognized),Urban,3,Co-Ed,1,1,0,0,1,1,0,1,1,1,0,0,0,0,0,1,0,0,0,1,0,0,1,0,1,0,0,0,1,0,0
2016-17,9,Uttar Pradesh,933,KANPUR DEHAT,93307,MAITHA,8,SS (IX-X),1,Department of Education,Rural,3,Co-Ed,1,1,0,0,0,0,0,1,1,1,0,0,0,0,1,0,0,0,0,1,0,0,0,0,1,1,0,0,1,0,0
2016-17,9,Uttar Pradesh,933,KANPUR DEHAT,93307,MAITHA,8,SS (IX-X),5,Private Unaided (Recognized),Rural,3,Co-Ed,6,6,0,2,6,6,1,6,6,6,0,0,0,0,5,5,0,0,0,5,2,6,3,4,6,0,0,0,6,0,0
2016-17,9,Uttar Pradesh,933,KANPUR DEHAT,93307,MAITHA,7,SS (VI-X),4,Government Aided,Rural,3,Co-Ed,2,2,0,2,2,2,1,2,2,2,0,0,0,0,0,1,0,1,1,2,0,0,0,0,2,0,0,0,0,0,0
2016-17,9,Uttar Pradesh,933,KANPUR DEHAT,93307,MAITHA,7,SS (VI-X),5,Private Unaided (Recognized),Rural,3,Co-Ed,9,9,0,2,9,9,5,9,9,9,0,0,0,0,8,8,0,2,1,8,3,7,5,6,7,1,1,0,9,0,0
2016-17,9,Uttar Pradesh,933,KANPUR DEHAT,93307,MAITHA,2,UPS (I-VIII),5,Private Unaided (Recognized),Rural,3,Co-Ed,3,3,0,0,3,3,1,3,3,3,0,0,0,0,1,3,0,0,0,1,0,1,0,1,3,0,0,0,1,0,0
2016-17,9,Uttar Pradesh,933,KANPUR DEHAT,93307,MAITHA,2,UPS (I-VIII),98,Madarsa unrecognized,Rural,3,Co-Ed,2,2,0,0,2,2,2,2,2,2,0,0,0,0,2,2,0,0,0,2,0,2,0,0,1,0,0,0,2,0,0
2016-17,9,Uttar Pradesh,933,KANPUR DEHAT,93307,MAITHA,4,UPS (VI-VIII),1,Department of Education,Rural,1,Boys,1,1,0,0,1,1,1,1,1,1,0,0,0,0,0,1,0,0,1,0,0,1,1,0,1,0,1,0,1,0,0
2016-17,9,Uttar Pradesh,933,KANPUR DEHAT,93307,MAITHA,4,UPS (VI-VIII),1,Department of Education,Rural,2,Girls,1,1,0,0,1,1,1,0,1,1,0,0,0,0,0,1,0,0,1,1,0,1,1,0,1,0,1,0,1,0,0
2016-17,9,Uttar Pradesh,933,KANPUR DEHAT,93307,MAITHA,4,UPS (VI-VIII),1,Department of Education,Rural,3,Co-Ed,59,58,0,14,51,52,13,57,59,59,0,0,0,0,22,58,0,0,48,42,0,39,29,4,41,0,48,0,27,0,0
2016-17,9,Uttar Pradesh,933,KANPUR DEHAT,93307,MAITHA,4,UPS (VI-VIII),4,Government Aided,Rural,3,Co-Ed,1,1,0,0,0,0,0,1,1,1,0,0,0,0,0,1,0,0,1,1,0,1,0,1,1,0,0,0,1,0,0
2016-17,9,Uttar Pradesh,933,KANPUR DEHAT,93307,MAITHA,4,UPS (VI-VIII),5,Private Unaided (Recognized),Rural,3,Co-Ed,9,9,0,0,5,5,6,9,9,9,0,0,0,0,2,4,0,0,0,4,0,2,4,1,7,0,1,0,8,0,0
2016-17,9,Uttar Pradesh,933,KANPUR DEHAT,93307,MAITHA,4,UPS (VI-VIII),1,Department of Education,Urban,3,Co-Ed,1,1,0,1,1,1,0,1,1,1,0,0,0,0,1,1,0,0,1,1,0,0,1,0,1,0,1,0,1,0,0
2016-17,9,Uttar Pradesh,933,KANPUR DEHAT,93307,MAITHA,4,UPS (VI-VIII),5,Private Unaided (Recognized),Urban,3,Co-Ed,1,1,0,0,1,1,1,1,1,1,0,0,0,0,0,1,0,0,0,1,0,0,1,0,1,0,1,0,1,0,0
2016-17,9,Uttar Pradesh,933,KANPUR DEHAT,93308,RAJPUR,10,HSS (IX-XII),5,Private Unaided (Recognized),Rural,2,Girls,1,1,0,0,1,1,1,1,1,1,0,0,0,0,1,0,0,0,0,0,0,1,0,0,1,0,0,0,1,0,0
2016-17,9,Uttar Pradesh,933,KANPUR DEHAT,93308,RAJPUR,10,HSS (IX-XII),4,Government Aided,Rural,3,Co-Ed,2,2,0,1,1,1,1,2,2,2,0,0,0,0,2,1,0,0,1,1,0,2,0,1,2,0,0,0,2,0,0
2016-17,9,Uttar Pradesh,933,KANPUR DEHAT,93308,RAJPUR,10,HSS (IX-XII),5,Private Unaided (Recognized),Rural,3,Co-Ed,6,6,0,0,6,6,3,6,5,6,0,0,0,0,6,4,0,2,0,3,4,4,3,5,6,2,0,0,6,0,0
2016-17,9,Uttar Pradesh,933,KANPUR DEHAT,93308,RAJPUR,5,HSS (VI-XII),4,Government Aided,Rural,3,Co-Ed,5,5,0,5,5,5,1,5,5,5,0,0,0,0,4,5,0,1,4,3,1,5,2,3,5,0,4,0,4,0,0
2016-17,9,Uttar Pradesh,933,KANPUR DEHAT,93308,RAJPUR,5,HSS (VI-XII),5,Private Unaided (Recognized),Rural,3,Co-Ed,3,3,0,2,3,3,2,3,3,3,0,0,0,0,3,3,0,0,0,3,3,3,1,3,3,1,0,0,3,0,0
2016-17,9,Uttar Pradesh,933,KANPUR DEHAT,93308,RAJPUR,5,HSS (VI-XII),5,Private Unaided (Recognized),Urban,3,Co-Ed,1,1,0,0,0,0,0,1,1,1,0,0,0,0,1,1,0,0,0,1,0,0,0,1,1,0,0,0,1,0,0
2016-17,9,Uttar Pradesh,933,KANPUR DEHAT,93308,RAJPUR,1,PS (I-V),1,Department of Education,Rural,1,Boys,1,1,0,0,1,1,0,1,0,1,0,0,0,0,1,1,0,0,1,1,0,1,0,0,1,0,1,0,1,0,0
2016-17,9,Uttar Pradesh,933,KANPUR DEHAT,93308,RAJPUR,1,PS (I-V),1,Department of Education,Rural,2,Girls,1,1,0,0,1,1,0,1,1,1,0,0,0,0,0,1,0,0,1,1,0,1,0,0,1,0,1,0,1,0,0
2016-17,9,Uttar Pradesh,933,KANPUR DEHAT,93308,RAJPUR,1,PS (I-V),1,Department of Education,Rural,3,Co-Ed,135,132,0,0,107,107,27,121,123,131,0,0,0,0,20,116,0,0,127,104,0,117,88,2,90,0,94,0,99,0,0
2016-17,9,Uttar Pradesh,933,KANPUR DEHAT,93308,RAJPUR,1,PS (I-V),4,Government Aided,Rural,3,Co-Ed,1,1,0,1,1,1,1,1,1,1,0,0,0,0,1,0,0,0,0,0,0,1,0,0,1,0,0,0,0,0,0
2016-17,9,Uttar Pradesh,933,KANPUR DEHAT,93308,RAJPUR,1,PS (I-V),5,Private Unaided (Recognized),Rural,3,Co-Ed,24,24,0,3,16,16,16,24,24,24,0,0,0,0,7,10,0,0,0,9,2,10,9,5,21,0,1,0,6,0,0
2016-17,9,Uttar Pradesh,933,KANPUR DEHAT,93308,RAJPUR,1,PS (I-V),97,Madarsa recognized (by Wakf board/Madarsa Board) ,Rural,3,Co-Ed,1,1,0,0,1,1,1,1,1,1,0,0,0,0,1,1,0,0,0,1,0,1,1,1,1,0,0,0,1,0,0
2016-17,9,Uttar Pradesh,933,KANPUR DEHAT,93308,RAJPUR,1,PS (I-V),98,Madarsa unrecognized,Rural,3,Co-Ed,2,2,0,0,1,1,1,2,2,2,0,0,0,0,1,0,0,0,0,1,0,1,0,0,1,0,0,0,1,0,0
2016-17,9,Uttar Pradesh,933,KANPUR DEHAT,93308,RAJPUR,1,PS (I-V),1,Department of Education,Urban,3,Co-Ed,1,1,0,0,1,1,0,1,1,1,0,0,0,0,1,1,0,0,1,0,0,1,1,0,0,0,0,0,1,0,0
2016-17,9,Uttar Pradesh,933,KANPUR DEHAT,93308,RAJPUR,6,SS (I-X),5,Private Unaided (Recognized),Rural,3,Co-Ed,3,3,0,0,3,3,2,3,3,3,0,0,0,0,1,2,0,1,0,2,1,3,2,2,2,1,0,0,3,0,0
2016-17,9,Uttar Pradesh,933,KANPUR DEHAT,93308,RAJPUR,6,SS (I-X),98,Madarsa unrecognized,Rural,3,Co-Ed,3,1,0,0,1,1,1,1,1,1,0,0,0,0,1,0,0,0,0,0,1,1,0,0,1,0,0,0,1,0,0
2016-17,9,Uttar Pradesh,933,KANPUR DEHAT,93308,RAJPUR,8,SS (IX-X),1,Department of Education,Rural,3,Co-Ed,2,1,0,0,1,2,0,2,2,2,0,0,0,0,1,1,0,0,0,1,0,1,0,1,2,0,1,0,2,0,0
2016-17,9,Uttar Pradesh,933,KANPUR DEHAT,93308,RAJPUR,8,SS (IX-X),5,Private Unaided (Recognized),Rural,3,Co-Ed,6,6,0,0,6,6,3,6,6,6,0,0,0,0,6,5,0,1,1,4,1,5,4,4,6,1,0,0,6,0,0
2016-17,9,Uttar Pradesh,933,KANPUR DEHAT,93308,RAJPUR,7,SS (VI-X),4,Government Aided,Rural,3,Co-Ed,1,1,0,1,1,1,0,1,1,1,0,0,0,0,0,0,0,0,0,1,0,0,0,1,1,1,0,0,1,0,0
2016-17,9,Uttar Pradesh,933,KANPUR DEHAT,93308,RAJPUR,7,SS (VI-X),5,Private Unaided (Recognized),Rural,3,Co-Ed,3,3,0,0,3,3,1,3,3,3,0,0,0,0,2,3,0,0,1,3,1,3,0,3,3,1,0,0,3,0,0
2016-17,9,Uttar Pradesh,933,KANPUR DEHAT,93308,RAJPUR,2,UPS (I-VIII),98,Madarsa unrecognized,Rural,3,Co-Ed,1,1,0,0,1,1,1,1,1,1,0,0,0,0,0,0,0,0,0,0,0,1,0,0,0,0,0,0,1,0,0
2016-17,9,Uttar Pradesh,933,KANPUR DEHAT,93308,RAJPUR,4,UPS (VI-VIII),5,Private Unaided (Recognized),Rural,1,Boys,1,1,0,0,1,1,1,1,1,1,0,0,0,0,0,1,0,0,0,0,0,0,0,0,0,0,0,0,1,0,0
2016-17,9,Uttar Pradesh,933,KANPUR DEHAT,93308,RAJPUR,4,UPS (VI-VIII),1,Department of Education,Rural,3,Co-Ed,63,60,0,5,41,41,10,52,57,59,0,0,0,0,8,59,0,0,38,44,0,33,44,3,45,0,24,0,41,0,0
2016-17,9,Uttar Pradesh,933,KANPUR DEHAT,93308,RAJPUR,4,UPS (VI-VIII),4,Government Aided,Rural,3,Co-Ed,3,3,0,0,3,3,0,3,3,3,0,0,0,0,1,2,0,0,1,2,0,1,1,0,3,0,1,0,2,0,0
2016-17,9,Uttar Pradesh,933,KANPUR DEHAT,93308,RAJPUR,4,UPS (VI-VIII),5,Private Unaided (Recognized),Rural,3,Co-Ed,10,10,0,0,5,6,6,10,10,10,0,0,0,0,4,6,0,0,0,4,1,3,5,3,7,0,0,0,5,0,0
2016-17,9,Uttar Pradesh,933,KANPUR DEHAT,93309,RASULABAD,3,HSS (I-XII),98,Madarsa unrecognized,Rural,3,Co-Ed,2,2,0,0,2,2,2,2,2,2,0,0,0,0,2,1,0,0,0,1,0,2,0,0,1,0,0,0,2,0,0
2016-17,9,Uttar Pradesh,933,KANPUR DEHAT,93309,RASULABAD,10,HSS (IX-XII),1,Department of Education,Rural,3,Co-Ed,1,1,0,0,1,1,0,0,1,1,0,0,0,0,0,0,0,0,0,0,0,1,0,0,0,0,0,0,1,0,0
2016-17,9,Uttar Pradesh,933,KANPUR DEHAT,93309,RASULABAD,10,HSS (IX-XII),5,Private Unaided (Recognized),Rural,3,Co-Ed,9,9,0,1,9,9,5,9,9,9,0,0,0,0,7,6,0,3,1,6,4,6,2,8,7,3,2,0,9,0,0
2016-17,9,Uttar Pradesh,933,KANPUR DEHAT,93309,RASULABAD,5,HSS (VI-XII),1,Department of Education,Rural,3,Co-Ed,1,1,0,1,1,1,0,1,1,1,0,0,0,0,0,1,0,0,0,1,0,0,0,0,1,0,0,0,1,0,0
2016-17,9,Uttar Pradesh,933,KANPUR DEHAT,93309,RASULABAD,5,HSS (VI-XII),4,Government Aided,Rural,3,Co-Ed,4,4,0,4,4,4,2,4,4,4,0,0,0,0,2,2,0,1,2,2,0,3,2,3,4,0,0,0,4,0,0
2016-17,9,Uttar Pradesh,933,KANPUR DEHAT,93309,RASULABAD,5,HSS (VI-XII),5,Private Unaided (Recognized),Rural,3,Co-Ed,6,6,0,1,6,6,5,6,6,6,0,0,0,0,6,4,0,4,0,3,4,6,3,5,5,1,1,0,6,0,0
2016-17,9,Uttar Pradesh,933,KANPUR DEHAT,93309,RASULABAD,5,HSS (VI-XII),5,Private Unaided (Recognized),Urban,3,Co-Ed,1,1,0,1,1,1,1,1,1,1,0,0,0,0,1,1,0,0,0,0,1,1,1,1,1,0,0,0,1,0,0
2016-17,9,Uttar Pradesh,933,KANPUR DEHAT,93309,RASULABAD,1,PS (I-V),1,Department of Education,Rural,3,Co-Ed,260,258,0,2,227,227,27,240,240,246,0,0,0,0,26,222,0,0,250,161,0,149,100,5,173,0,145,0,178,0,0
2016-17,9,Uttar Pradesh,933,KANPUR DEHAT,93309,RASULABAD,1,PS (I-V),5,Private Unaided (Recognized),Rural,3,Co-Ed,20,20,0,1,18,18,11,20,20,20,0,0,0,0,4,10,0,0,1,9,0,8,5,2,13,0,2,0,12,0,0
2016-17,9,Uttar Pradesh,933,KANPUR DEHAT,93309,RASULABAD,1,PS (I-V),1,Department of Education,Urban,3,Co-Ed,1,1,0,0,1,1,1,0,0,0,0,0,0,0,0,1,0,0,1,0,0,1,1,0,0,0,1,0,0,0,0
2016-17,9,Uttar Pradesh,933,KANPUR DEHAT,93309,RASULABAD,1,PS (I-V),5,Private Unaided (Recognized),Urban,3,Co-Ed,3,3,0,0,3,3,3,3,3,3,0,0,0,0,1,2,0,0,0,1,0,2,1,0,1,0,0,0,3,0,0
2016-17,9,Uttar Pradesh,933,KANPUR DEHAT,93309,RASULABAD,6,SS (I-X),4,Government Aided,Rural,3,Co-Ed,1,1,0,1,1,1,0,1,1,1,0,0,0,0,1,0,0,0,0,1,0,0,0,1,1,0,0,0,1,0,0
2016-17,9,Uttar Pradesh,933,KANPUR DEHAT,93309,RASULABAD,6,SS (I-X),98,Madarsa unrecognized,Rural,3,Co-Ed,1,1,0,1,1,1,0,1,1,1,0,0,0,0,1,1,0,1,0,1,0,0,0,0,1,0,0,0,1,0,0
2016-17,9,Uttar Pradesh,933,KANPUR DEHAT,93309,RASULABAD,8,SS (IX-X),1,Department of Education,Urban,2,Girls,1,1,0,1,1,1,0,0,1,1,0,0,0,0,0,1,0,0,0,1,0,0,0,0,1,0,0,0,1,0,0
2016-17,9,Uttar Pradesh,933,KANPUR DEHAT,93309,RASULABAD,8,SS (IX-X),5,Private Unaided (Recognized),Rural,3,Co-Ed,8,8,0,0,6,6,1,7,7,7,0,0,0,0,6,6,0,0,0,6,3,6,0,7,8,1,0,0,8,0,0
2016-17,9,Uttar Pradesh,933,KANPUR DEHAT,93309,RASULABAD,7,SS (VI-X),5,Private Unaided (Recognized),Rural,3,Co-Ed,10,9,0,0,10,10,8,10,10,10,0,0,0,0,7,9,0,2,0,10,8,7,5,8,10,4,1,0,10,0,0
2016-17,9,Uttar Pradesh,933,KANPUR DEHAT,93309,RASULABAD,2,UPS (I-VIII),4,Government Aided,Rural,3,Co-Ed,1,1,0,0,1,1,1,1,1,1,0,0,0,0,1,1,0,0,1,1,0,0,1,0,1,0,1,0,0,0,0
2016-17,9,Uttar Pradesh,933,KANPUR DEHAT,93309,RASULABAD,2,UPS (I-VIII),5,Private Unaided (Recognized),Rural,3,Co-Ed,3,3,0,0,1,1,1,3,3,3,0,0,0,0,1,2,0,0,0,1,0,0,1,0,2,0,0,0,2,0,0
2016-17,9,Uttar Pradesh,933,KANPUR DEHAT,93309,RASULABAD,2,UPS (I-VIII),98,Madarsa unrecognized,Rural,3,Co-Ed,2,2,0,0,2,2,2,2,2,2,0,0,0,0,2,1,0,0,0,1,0,2,2,1,1,0,0,0,2,0,0
2016-17,9,Uttar Pradesh,933,KANPUR DEHAT,93309,RASULABAD,4,UPS (VI-VIII),1,Department of Education,Rural,2,Girls,1,1,0,0,1,1,0,0,1,1,0,0,0,0,0,1,0,0,1,0,0,1,1,0,0,0,1,0,1,0,0
2016-17,9,Uttar Pradesh,933,KANPUR DEHAT,93309,RASULABAD,4,UPS (VI-VIII),1,Department of Education,Rural,3,Co-Ed,100,98,0,8,90,91,15,95,95,97,0,0,0,0,6,81,0,0,76,61,0,40,23,2,55,0,55,0,76,0,0
2016-17,9,Uttar Pradesh,933,KANPUR DEHAT,93309,RASULABAD,4,UPS (VI-VIII),4,Government Aided,Rural,3,Co-Ed,2,2,0,1,2,2,0,2,2,2,0,0,0,0,1,1,0,0,1,2,0,1,2,0,2,0,0,0,2,0,0
2016-17,9,Uttar Pradesh,933,KANPUR DEHAT,93309,RASULABAD,4,UPS (VI-VIII),5,Private Unaided (Recognized),Rural,3,Co-Ed,17,17,0,1,17,17,9,17,17,17,0,0,0,0,4,11,0,1,0,12,1,3,4,3,11,0,1,0,14,0,0
2016-17,9,Uttar Pradesh,933,KANPUR DEHAT,93309,RASULABAD,4,UPS (VI-VIII),5,Private Unaided (Recognized),Urban,3,Co-Ed,2,2,0,0,2,2,2,2,2,2,0,0,0,0,2,2,0,0,0,2,0,2,0,0,0,0,0,0,2,0,0
2016-17,9,Uttar Pradesh,933,KANPUR DEHAT,93310,SARVANKHERA,10,HSS (IX-XII),4,Government Aided,Rural,3,Co-Ed,2,2,0,2,2,2,1,2,2,2,0,0,0,0,2,2,0,0,1,2,0,2,2,2,2,1,0,0,2,0,0
2016-17,9,Uttar Pradesh,933,KANPUR DEHAT,93310,SARVANKHERA,10,HSS (IX-XII),5,Private Unaided (Recognized),Rural,3,Co-Ed,4,4,0,1,4,4,2,4,4,4,0,0,0,0,4,2,0,2,0,2,1,4,0,1,3,1,0,0,4,0,0
2016-17,9,Uttar Pradesh,933,KANPUR DEHAT,93310,SARVANKHERA,5,HSS (VI-XII),4,Government Aided,Rural,3,Co-Ed,4,4,0,3,4,4,3,3,3,3,0,0,0,0,2,2,0,3,1,2,1,3,2,4,4,0,0,0,2,0,0
2016-17,9,Uttar Pradesh,933,KANPUR DEHAT,93310,SARVANKHERA,5,HSS (VI-XII),5,Private Unaided (Recognized),Rural,3,Co-Ed,9,9,0,5,9,9,5,9,9,9,0,0,0,0,7,9,0,5,2,8,6,7,5,8,9,0,1,0,8,0,0
2016-17,9,Uttar Pradesh,933,KANPUR DEHAT,93310,SARVANKHERA,1,PS (I-V),1,Department of Education,Rural,1,Boys,3,3,0,1,3,3,0,3,1,3,0,0,0,0,0,0,0,0,3,2,0,2,3,0,3,0,2,0,3,0,0
2016-17,9,Uttar Pradesh,933,KANPUR DEHAT,93310,SARVANKHERA,1,PS (I-V),1,Department of Education,Rural,2,Girls,3,3,0,0,3,3,0,1,3,3,0,0,0,0,2,2,0,0,3,3,0,3,3,0,2,0,3,0,3,0,0
2016-17,9,Uttar Pradesh,933,KANPUR DEHAT,93310,SARVANKHERA,1,PS (I-V),1,Department of Education,Rural,3,Co-Ed,146,146,0,5,124,124,36,134,144,146,0,0,0,0,18,125,0,0,143,94,0,116,107,1,108,0,99,0,97,0,0
2016-17,9,Uttar Pradesh,933,KANPUR DEHAT,93310,SARVANKHERA,1,PS (I-V),4,Government Aided,Rural,3,Co-Ed,1,1,0,0,0,1,0,1,1,1,0,0,0,0,0,0,0,0,1,0,0,0,0,0,0,0,0,0,1,0,0
2016-17,9,Uttar Pradesh,933,KANPUR DEHAT,93310,SARVANKHERA,1,PS (I-V),5,Private Unaided (Recognized),Rural,3,Co-Ed,3,3,0,0,2,2,3,3,3,3,0,0,0,0,1,1,0,0,1,0,0,1,1,1,3,0,0,0,3,0,0
2016-17,9,Uttar Pradesh,933,KANPUR DEHAT,93310,SARVANKHERA,1,PS (I-V),1,Department of Education,Urban,3,Co-Ed,1,1,0,0,0,0,0,1,1,1,0,0,0,0,0,1,0,0,1,0,0,0,1,0,1,0,1,0,1,0,0
2016-17,9,Uttar Pradesh,933,KANPUR DEHAT,93310,SARVANKHERA,6,SS (I-X),5,Private Unaided (Recognized),Rural,3,Co-Ed,2,2,0,1,2,2,1,2,2,2,0,0,0,0,1,2,0,0,0,1,1,1,1,1,2,0,0,0,2,0,0
2016-17,9,Uttar Pradesh,933,KANPUR DEHAT,93310,SARVANKHERA,8,SS (IX-X),1,Department of Education,Rural,3,Co-Ed,1,1,0,0,1,1,0,1,1,1,0,0,0,0,0,0,0,0,0,0,0,0,0,0,0,0,0,0,1,0,0
2016-17,9,Uttar Pradesh,933,KANPUR DEHAT,93310,SARVANKHERA,8,SS (IX-X),5,Private Unaided (Recognized),Rural,3,Co-Ed,9,9,0,1,9,9,5,8,9,9,0,0,0,0,9,7,0,2,1,8,3,8,4,7,9,2,0,0,9,0,0
2016-17,9,Uttar Pradesh,933,KANPUR DEHAT,93310,SARVANKHERA,7,SS (VI-X),5,Private Unaided (Recognized),Rural,3,Co-Ed,4,4,0,0,4,4,3,4,4,4,0,0,0,0,4,4,0,1,0,4,1,3,0,2,4,1,0,0,4,0,0
2016-17,9,Uttar Pradesh,933,KANPUR DEHAT,93310,SARVANKHERA,4,UPS (VI-VIII),1,Department of Education,Rural,2,Girls,2,2,0,0,2,2,1,1,2,2,0,0,0,0,1,1,0,0,1,0,0,2,1,0,1,0,1,0,2,0,0
2016-17,9,Uttar Pradesh,933,KANPUR DEHAT,93310,SARVANKHERA,4,UPS (VI-VIII),1,Department of Education,Rural,3,Co-Ed,62,61,0,7,53,53,21,58,62,62,0,0,0,0,9,56,0,0,44,47,0,33,49,4,49,0,42,0,42,0,0
2016-17,9,Uttar Pradesh,933,KANPUR DEHAT,93310,SARVANKHERA,4,UPS (VI-VIII),4,Government Aided,Rural,3,Co-Ed,1,1,0,0,1,1,0,1,1,1,0,0,0,0,0,1,0,0,0,1,0,0,0,0,1,0,0,0,0,0,0
2016-17,9,Uttar Pradesh,933,KANPUR DEHAT,93310,SARVANKHERA,4,UPS (VI-VIII),5,Private Unaided (Recognized),Rural,3,Co-Ed,3,3,0,0,3,3,1,3,3,3,0,0,0,0,1,3,0,0,0,3,0,0,2,1,3,0,0,0,3,0,0
2016-17,9,Uttar Pradesh,933,KANPUR DEHAT,93311,SANDALPUR,3,HSS (I-XII),98,Madarsa unrecognized,Rural,3,Co-Ed,1,1,0,0,1,1,1,1,1,1,0,0,0,0,0,0,0,0,0,0,0,1,0,0,1,0,0,0,1,0,0
2016-17,9,Uttar Pradesh,933,KANPUR DEHAT,93311,SANDALPUR,10,HSS (IX-XII),5,Private Unaided (Recognized),Rural,3,Co-Ed,2,2,0,0,2,2,1,2,2,2,0,0,0,0,1,2,0,0,0,1,0,2,1,0,2,0,0,0,2,0,0
2016-17,9,Uttar Pradesh,933,KANPUR DEHAT,93311,SANDALPUR,5,HSS (VI-XII),4,Government Aided,Rural,3,Co-Ed,3,3,0,3,3,3,0,3,3,3,0,0,0,0,2,3,0,2,1,1,0,1,0,2,3,1,1,0,2,0,0
2016-17,9,Uttar Pradesh,933,KANPUR DEHAT,93311,SANDALPUR,5,HSS (VI-XII),5,Private Unaided (Recognized),Rural,3,Co-Ed,4,4,0,1,4,4,3,4,4,4,0,0,0,0,3,3,0,0,0,3,1,4,1,4,4,0,0,0,4,0,0
2016-17,9,Uttar Pradesh,933,KANPUR DEHAT,93311,SANDALPUR,1,PS (I-V),1,Department of Education,Rural,1,Boys,2,2,0,0,2,2,0,2,1,2,0,0,0,0,0,2,0,0,2,2,0,0,2,0,2,0,2,0,2,0,0
2016-17,9,Uttar Pradesh,933,KANPUR DEHAT,93311,SANDALPUR,1,PS (I-V),1,Department of Education,Rural,2,Girls,2,2,0,0,1,1,0,0,1,1,0,0,0,0,0,2,0,0,2,2,0,0,1,0,2,0,0,0,1,0,0
2016-17,9,Uttar Pradesh,933,KANPUR DEHAT,93311,SANDALPUR,1,PS (I-V),1,Department of Education,Rural,3,Co-Ed,111,108,0,1,91,91,29,88,89,92,0,0,0,0,11,97,0,0,93,87,0,47,71,3,84,0,66,0,75,0,0
2016-17,9,Uttar Pradesh,933,KANPUR DEHAT,93311,SANDALPUR,1,PS (I-V),5,Private Unaided (Recognized),Rural,3,Co-Ed,5,5,0,0,5,5,2,5,5,5,0,0,0,0,1,5,0,0,0,2,0,0,1,1,5,0,1,0,4,0,0
2016-17,9,Uttar Pradesh,933,KANPUR DEHAT,93311,SANDALPUR,1,PS (I-V),98,Madarsa unrecognized,Rural,3,Co-Ed,1,1,0,0,1,1,1,1,1,1,0,0,0,0,1,0,0,0,0,0,0,1,0,0,1,0,0,0,1,0,0
2016-17,9,Uttar Pradesh,933,KANPUR DEHAT,93311,SANDALPUR,1,PS (I-V),1,Department of Education,Urban,3,Co-Ed,1,1,0,0,0,0,0,1,0,1,0,0,0,0,0,1,0,0,1,0,0,1,1,0,1,0,0,0,0,0,0
2016-17,9,Uttar Pradesh,933,KANPUR DEHAT,93311,SANDALPUR,8,SS (IX-X),1,Department of Education,Rural,3,Co-Ed,1,0,0,0,1,1,0,1,1,1,0,0,0,0,0,1,0,0,0,1,0,0,0,0,0,0,1,0,1,0,0
2016-17,9,Uttar Pradesh,933,KANPUR DEHAT,93311,SANDALPUR,8,SS (IX-X),5,Private Unaided (Recognized),Rural,3,Co-Ed,4,4,0,2,4,4,1,4,4,4,0,0,0,0,2,4,0,2,0,4,2,4,2,4,4,0,1,0,4,0,0
2016-17,9,Uttar Pradesh,933,KANPUR DEHAT,93311,SANDALPUR,7,SS (VI-X),4,Government Aided,Rural,3,Co-Ed,1,1,0,1,1,1,0,1,1,1,0,0,0,0,0,1,0,0,0,1,0,1,0,1,1,0,0,0,1,0,0
2016-17,9,Uttar Pradesh,933,KANPUR DEHAT,93311,SANDALPUR,7,SS (VI-X),5,Private Unaided (Recognized),Rural,3,Co-Ed,4,4,0,2,4,4,2,4,4,4,0,0,0,0,4,2,0,1,0,2,2,4,4,3,4,1,0,0,4,0,0
2016-17,9,Uttar Pradesh,933,KANPUR DEHAT,93311,SANDALPUR,4,UPS (VI-VIII),1,Department of Education,Rural,1,Boys,1,1,0,0,1,1,1,0,1,1,0,0,0,0,0,0,0,0,1,0,0,1,1,0,1,0,1,0,1,0,0
2016-17,9,Uttar Pradesh,933,KANPUR DEHAT,93311,SANDALPUR,4,UPS (VI-VIII),1,Department of Education,Rural,2,Girls,1,1,0,0,1,1,0,0,1,1,0,0,0,0,0,1,0,0,1,1,0,0,1,0,1,0,1,0,1,0,0
2016-17,9,Uttar Pradesh,933,KANPUR DEHAT,93311,SANDALPUR,4,UPS (VI-VIII),1,Department of Education,Rural,3,Co-Ed,61,59,0,7,54,54,21,53,51,54,0,0,0,0,7,58,0,0,38,46,0,30,33,3,46,0,27,0,32,0,0
2016-17,9,Uttar Pradesh,933,KANPUR DEHAT,93311,SANDALPUR,4,UPS (VI-VIII),4,Government Aided,Rural,3,Co-Ed,1,1,0,0,1,1,0,1,1,1,0,0,0,0,0,0,0,0,0,1,0,1,0,0,1,0,0,0,1,0,0
2016-17,9,Uttar Pradesh,933,KANPUR DEHAT,93311,SANDALPUR,4,UPS (VI-VIII),5,Private Unaided (Recognized),Rural,3,Co-Ed,5,5,0,0,5,5,0,5,5,5,0,0,0,0,0,4,0,0,0,3,0,1,2,2,5,0,0,0,4,0,0
